,"Train on 4008025 samples, validate on 1002007 samples",
Epoch 1,,"4008025/4008025 [==============================], 33s,,8us/step , loss: 0.0115 , binary_accuracy: 0.9967 , val_loss: 0.0065 , val_binary_accuracy: 0.9980"
Epoch 2/270,"4008025/4008025 [==============================],37s, 9us/step,loss: 0.0065,binary_accuracy: 0.9980,val_loss: 0.0062,val_binary_accuracy: 0.9980",
Epoch 3/270,"4008025/4008025 [==============================],49s, 12us/step,loss: 0.0065,binary_accuracy: 0.9980,val_loss: 0.0068,val_binary_accuracy: 0.9980",
,Epoch 4/270,
Epoch 4/270,"4008025/4008025 [==============================],37s, 9us/step,loss: 0.0064,binary_accuracy: 0.9980,val_loss: 0.0061,val_binary_accuracy: 0.9980",
,Epoch 5/270,
Epoch 5/270,"4008025/4008025 [==============================],38s, 10us/step,loss: 0.0063,binary_accuracy: 0.9980,val_loss: 0.0067,val_binary_accuracy: 0.9980",
,Epoch 6/270,
Epoch 6/270,"4008025/4008025 [==============================],33s, 8us/step,loss: 0.0062,binary_accuracy: 0.9980,val_loss: 0.0060,val_binary_accuracy: 0.9980",
,Epoch 7/270,
Epoch 7/270,"4008025/4008025 [==============================],33s, 8us/step,loss: 0.0062,binary_accuracy: 0.9980,val_loss: 0.0063,val_binary_accuracy: 0.9980",
,Epoch 8/270,
Epoch 8/270,"4008025/4008025 [==============================],34s, 8us/step,loss: 0.0062,binary_accuracy: 0.9980,val_loss: 0.0065,val_binary_accuracy: 0.9980",
,Epoch 9/270,
Epoch 9/270,"4008025/4008025 [==============================],33s,,8us/step,loss: 0.0062,binary_accuracy: 0.9980,val_loss: 0.0062,val_binary_accuracy: 0.9980",
,Epoch 10/270,
Epoch 10/270,"4008025/4008025 [==============================],33s,,8us/step,loss: 0.0062,binary_accuracy: 0.9980,val_loss: 0.0063,val_binary_accuracy: 0.9980",
,Epoch 11/270,
Epoch 11/270,"4008025/4008025 [==============================],34s,,8us/step,loss: 0.0062,binary_accuracy: 0.9980,val_loss: 0.0064,val_binary_accuracy: 0.9980",
,Epoch 12/270,
Epoch 12/270,"4008025/4008025 [==============================],34s,,8us/step,loss: 0.0062,binary_accuracy: 0.9980,val_loss: 0.0065,val_binary_accuracy: 0.9980",
,Epoch 13/270,
Epoch 13/270,"4008025/4008025 [==============================],34s,,8us/step,loss: 0.0061,binary_accuracy: 0.9980,val_loss: 0.0065,val_binary_accuracy: 0.9980",
,Epoch 14/270,
Epoch 14/270,"4008025/4008025 [==============================],78s,19us/step,loss: 0.0061,binary_accuracy: 0.9980,val_loss: 0.0057,val_binary_accuracy: 0.9980",
,Epoch 15/270,
Epoch 15/270,"4008025/4008025 [==============================],47s,12us/step,loss: 0.0061,binary_accuracy: 0.9980,val_loss: 0.0062,val_binary_accuracy: 0.9980",
,Epoch 16/270,
Epoch 16/270,"4008025/4008025 [==============================],48s,12us/step,loss: 0.0062,binary_accuracy: 0.9980,val_loss: 0.0062,val_binary_accuracy: 0.9980",
,Epoch 17/270,
Epoch 17/270,"4008025/4008025 [==============================],36s,9us/step,loss: 0.0062,binary_accuracy: 0.9980,val_loss: 0.0064,val_binary_accuracy: 0.9980",
,Epoch 18/270,
Epoch 18/270,"4008025/4008025 [==============================],33s,8us/step,loss: 0.0063,binary_accuracy: 0.9980,val_loss: 0.0065,val_binary_accuracy: 0.9980",
,Epoch 19/270,
Epoch 19/270,"4008025/4008025 [==============================],32s,8us/step,loss: 0.0062,binary_accuracy: 0.9980,val_loss: 0.0060,val_binary_accuracy: 0.9980",
,Epoch 20/270,
Epoch 20/270,"4008025/4008025 [==============================],32s,8us/step,loss: 0.0062,binary_accuracy: 0.9980,val_loss: 0.0059,val_binary_accuracy: 0.9980",
,Epoch 21/270,
Epoch 21/270,"4008025/4008025 [==============================],33s,8us/step,loss: 0.0062,binary_accuracy: 0.9980,val_loss: 0.0061,val_binary_accuracy: 0.9980",
,Epoch 22/270,
Epoch 22,"4008025/4008025 [==============================],32s,8us/step,loss: 0.0063,binary_accuracy: 0.9980,val_loss: 0.0087,val_binary_accuracy: 0.9980",
Epoch 23,"4008025/4008025 [==============================],33s,8us/step,loss: 0.0062,binary_accuracy: 0.9980,val_loss: 0.0070,val_binary_accuracy: 0.9980",
Epoch 24,"4008025/4008025 [==============================],34s,8us/step,loss: 0.0063,binary_accuracy: 0.9980,val_loss: 0.0065,val_binary_accuracy: 0.9980",
Epoch 25,"4008025/4008025 [==============================],33s,8us/step,loss: 0.0065,binary_accuracy: 0.9980,val_loss: 0.0062,val_binary_accuracy: 0.9980",
Epoch 26,"4008025/4008025 [==============================],33s,8us/step,loss: 0.0063,binary_accuracy: 0.9980,val_loss: 0.0057,val_binary_accuracy: 0.9980",
Epoch 27,"4008025/4008025 [==============================],33s,8us/step,loss: 0.0063,binary_accuracy: 0.9980,val_loss: 0.0061,val_binary_accuracy: 0.9980",
Epoch 28,"4008025/4008025 [==============================],33s,8us/step,loss: 0.0063,binary_accuracy: 0.9980,val_loss: 0.0064,val_binary_accuracy: 0.9980",
Epoch 29,"4008025/4008025 [==============================],33s,8us/step,loss: 0.0061,binary_accuracy: 0.9980,val_loss: 0.0060,val_binary_accuracy: 0.9980",
Epoch 30,"4008025/4008025 [==============================],33s,8us/step,loss: 0.0062,binary_accuracy: 0.9980,val_loss: 0.0061,val_binary_accuracy: 0.9980",
Epoch 31,"4008025/4008025 [==============================],33s,8us/step,loss: 0.0063,binary_accuracy: 0.9980,val_loss: 0.0061,val_binary_accuracy: 0.9980",
Epoch 32,"4008025/4008025 [==============================],33s,8us/step,loss: 0.0063,binary_accuracy: 0.9980,val_loss: 0.0062,val_binary_accuracy: 0.9980",
Epoch 33,"4008025/4008025 [==============================],34s,8us/step,loss: 0.0063,binary_accuracy: 0.9980,val_loss: 0.0059,val_binary_accuracy: 0.9980",
Epoch 34,"4008025/4008025 [==============================],33s,8us/step,loss: 0.0063,binary_accuracy: 0.9980,val_loss: 0.0061,val_binary_accuracy: 0.9980",
Epoch 35,"4008025/4008025 [==============================],33s,8us/step,loss: 0.0063,binary_accuracy: 0.9980,val_loss: 0.0063,val_binary_accuracy: 0.9980",
Epoch 36,"4008025/4008025 [==============================],33s,8us/step,loss: 0.0064,binary_accuracy: 0.9980,val_loss: 0.0061,val_binary_accuracy: 0.9980",
Epoch 37,"4008025/4008025 [==============================],33s,8us/step,loss: 0.0064,binary_accuracy: 0.9980,val_loss: 0.0062,val_binary_accuracy: 0.9980",
Epoch 38,"4008025/4008025 [==============================],33s,8us/step,loss: 0.0063,binary_accuracy: 0.9980,val_loss: 0.0067,val_binary_accuracy: 0.9980",
Epoch 39,"4008025/4008025 [==============================],33s,8us/step,loss: 0.0063,binary_accuracy: 0.9980,val_loss: 0.0061,val_binary_accuracy: 0.9980",
Epoch 40,"4008025/4008025 [==============================],33s,8us/step,loss: 0.0064,binary_accuracy: 0.9980,val_loss: 0.0064,val_binary_accuracy: 0.9980",
Epoch 41,"4008025/4008025 [==============================],33s,8us/step,loss: 0.0064,binary_accuracy: 0.9979,val_loss: 0.0063,val_binary_accuracy: 0.9980",
Epoch 42,"4008025/4008025 [==============================],33s,8us/step,loss: 0.0064,binary_accuracy: 0.9980,val_loss: 0.0062,val_binary_accuracy: 0.9981",
Epoch 43,"4008025/4008025 [==============================],34s,8us/step,loss: 0.0063,binary_accuracy: 0.9979,val_loss: 0.0064,val_binary_accuracy: 0.9980",
Epoch 44,"4008025/4008025 [==============================],32s,8us/step,loss: 0.0063,binary_accuracy: 0.9979,val_loss: 0.0059,val_binary_accuracy: 0.9981",
Epoch 45,"4008025/4008025 [==============================],33s,8us/step,loss: 0.0063,binary_accuracy: 0.9979,val_loss: 0.0057,val_binary_accuracy: 0.9980",
Epoch 46,"4008025/4008025 [==============================],33s,8us/step,loss: 0.0061,binary_accuracy: 0.9980,val_loss: 0.0060,val_binary_accuracy: 0.9980",
Epoch 47,"4008025/4008025 [==============================],32s,8us/step,loss: 0.0061,binary_accuracy: 0.9980,val_loss: 0.0060,val_binary_accuracy: 0.9980",
Epoch 48,"4008025/4008025 [==============================],32s,8us/step,loss: 0.0062,binary_accuracy: 0.9980,val_loss: 0.0064,val_binary_accuracy: 0.9980",
Epoch 49,"4008025/4008025 [==============================],32s,8us/step,loss: 0.0064,binary_accuracy: 0.9980,val_loss: 0.0064,val_binary_accuracy: 0.9980",
Epoch 50,"4008025/4008025 [==============================],33s,8us/step,loss: 0.0064,binary_accuracy: 0.9980,val_loss: 0.0065,val_binary_accuracy: 0.9980",
Epoch 51,"4008025/4008025 [==============================],33s,8us/step,loss: 0.0064,binary_accuracy: 0.9980,val_loss: 0.0062,val_binary_accuracy: 0.9980",
Epoch 52,"4008025/4008025 [==============================],33s,8us/step,loss: 0.0064,binary_accuracy: 0.9980,val_loss: 0.0062,val_binary_accuracy: 0.9980",
Epoch 53,"4008025/4008025 [==============================],33s,8us/step,loss: 0.0063,binary_accuracy: 0.9980,val_loss: 0.0072,val_binary_accuracy: 0.9980",
Epoch 54,"4008025/4008025 [==============================],32s,8us/step,loss: 0.0063,binary_accuracy: 0.9980,val_loss: 0.0060,val_binary_accuracy: 0.9980",
Epoch 55,"4008025/4008025 [==============================],35s,9us/step,loss: 0.0063,binary_accuracy: 0.9980,val_loss: 0.0066,val_binary_accuracy: 0.9980",
Epoch 56,"4008025/4008025 [==============================],33s,8us/step,loss: 0.0064,binary_accuracy: 0.9980,val_loss: 0.0063,val_binary_accuracy: 0.9980",
Epoch 57,"4008025/4008025 [==============================],34s,8us/step,loss: 0.0064,binary_accuracy: 0.9980,val_loss: 0.0068,val_binary_accuracy: 0.9980",
Epoch 58,"4008025/4008025 [==============================],33s,8us/step,loss: 0.0064,binary_accuracy: 0.9980,val_loss: 0.0060,val_binary_accuracy: 0.9980",
Epoch 59,"4008025/4008025 [==============================],33s,8us/step,loss: 0.0063,binary_accuracy: 0.9980,val_loss: 0.0061,val_binary_accuracy: 0.9980",
Epoch 60,"4008025/4008025 [==============================],32s,8us/step,loss: 0.0063,binary_accuracy: 0.9980,val_loss: 0.0065,val_binary_accuracy: 0.9980",
Epoch 61,"4008025/4008025 [==============================],34s,8us/step,loss: 0.0065,binary_accuracy: 0.9980,val_loss: 0.0070,val_binary_accuracy: 0.9980",
Epoch 62,"4008025/4008025 [==============================],32s,8us/step,loss: 0.0067,binary_accuracy: 0.9980,val_loss: 0.0064,val_binary_accuracy: 0.9980",
Epoch 63,"4008025/4008025 [==============================],33s,8us/step,loss: 0.0067,binary_accuracy: 0.9980,val_loss: 0.0065,val_binary_accuracy: 0.9980",
Epoch 64,"4008025/4008025 [==============================],35s,9us/step,loss: 0.0066,binary_accuracy: 0.9980,val_loss: 0.0067,val_binary_accuracy: 0.9980",
Epoch 65,"4008025/4008025 [==============================],34s,8us/step,loss: 0.0065,binary_accuracy: 0.9980,val_loss: 0.0063,val_binary_accuracy: 0.9980",
Epoch 66,"4008025/4008025 [==============================],34s,8us/step,loss: 0.0065,binary_accuracy: 0.9980,val_loss: 0.0073,val_binary_accuracy: 0.9980",
Epoch 67,"4008025/4008025 [==============================],34s,8us/step,loss: 0.0065,binary_accuracy: 0.9980,val_loss: 0.0063,val_binary_accuracy: 0.9980",
Epoch 68,"4008025/4008025 [==============================],34s,9us/step,loss: 0.0065,binary_accuracy: 0.9980,val_loss: 0.0068,val_binary_accuracy: 0.9980",
Epoch 69,"4008025/4008025 [==============================],34s,8us/step,loss: 0.0066,binary_accuracy: 0.9980,val_loss: 0.0066,val_binary_accuracy: 0.9980",
Epoch 70,"4008025/4008025 [==============================],34s,8us/step,loss: 0.0065,binary_accuracy: 0.9980,val_loss: 0.0064,val_binary_accuracy: 0.9980",
Epoch 71,"4008025/4008025 [==============================],34s,9us/step,loss: 0.0066,binary_accuracy: 0.9980,val_loss: 0.0070,val_binary_accuracy: 0.9980",
Epoch 72,"4008025/4008025 [==============================],35s,9us/step,loss: 0.0066,binary_accuracy: 0.9980,val_loss: 0.0063,val_binary_accuracy: 0.9980",
Epoch 73,"4008025/4008025 [==============================],34s,9us/step,loss: 0.0066,binary_accuracy: 0.9980,val_loss: 0.0066,val_binary_accuracy: 0.9980",
Epoch 74,"4008025/4008025 [==============================],35s,9us/step,loss: 0.0066,binary_accuracy: 0.9980,val_loss: 0.0064,val_binary_accuracy: 0.9980",
Epoch 75,"4008025/4008025 [==============================],34s,9us/step,loss: 0.0067,binary_accuracy: 0.9980,val_loss: 0.0065,val_binary_accuracy: 0.9980",
Epoch 76,"4008025/4008025 [==============================],34s,9us/step,loss: 0.0067,binary_accuracy: 0.9980,val_loss: 0.0064,val_binary_accuracy: 0.9980",
Epoch 77,"4008025/4008025 [==============================],34s,9us/step,loss: 0.0066,binary_accuracy: 0.9980,val_loss: 0.0070,val_binary_accuracy: 0.9980",
Epoch 78,"4008025/4008025 [==============================],34s,9us/step,loss: 0.0066,binary_accuracy: 0.9980,val_loss: 0.0063,val_binary_accuracy: 0.9980",
Epoch 79,"4008025/4008025 [==============================],34s,9us/step,loss: 0.0065,binary_accuracy: 0.9980,val_loss: 0.0063,val_binary_accuracy: 0.9980",
Epoch 80,"4008025/4008025 [==============================],34s,9us/step,loss: 0.0065,binary_accuracy: 0.9980,val_loss: 0.0065,val_binary_accuracy: 0.9980",
Epoch 81,"4008025/4008025 [==============================],34s,9us/step,loss: 0.0065,binary_accuracy: 0.9980,val_loss: 0.0061,val_binary_accuracy: 0.9980",
Epoch 82,"4008025/4008025 [==============================],34s,9us/step,loss: 0.0064,binary_accuracy: 0.9980,val_loss: 0.0061,val_binary_accuracy: 0.9980",
Epoch 83,"4008025/4008025 [==============================],34s,9us/step,loss: 0.0064,binary_accuracy: 0.9980,val_loss: 0.0061,val_binary_accuracy: 0.9980",
Epoch 84,"4008025/4008025 [==============================],35s,9us/step,loss: 0.0064,binary_accuracy: 0.9980,val_loss: 0.0061,val_binary_accuracy: 0.9980",
Epoch 85,"4008025/4008025 [==============================],34s,9us/step,loss: 0.0064,binary_accuracy: 0.9980,val_loss: 0.0063,val_binary_accuracy: 0.9980",
Epoch 86,"4008025/4008025 [==============================],34s,9us/step,loss: 0.0064,binary_accuracy: 0.9980,val_loss: 0.0062,val_binary_accuracy: 0.9980",
Epoch 87,"4008025/4008025 [==============================],34s,9us/step,loss: 0.0065,binary_accuracy: 0.9980,val_loss: 0.0065,val_binary_accuracy: 0.9980",
Epoch 88,"4008025/4008025 [==============================],35s,9us/step,loss: 0.0065,binary_accuracy: 0.9980,val_loss: 0.0068,val_binary_accuracy: 0.9980",
Epoch 89,"4008025/4008025 [==============================],34s,9us/step,loss: 0.0066,binary_accuracy: 0.9980,val_loss: 0.0064,val_binary_accuracy: 0.9980",
Epoch 90,"4008025/4008025 [==============================],34s,9us/step,loss: 0.0066,binary_accuracy: 0.9980,val_loss: 0.0064,val_binary_accuracy: 0.9980",
Epoch 91,"4008025/4008025 [==============================],34s,9us/step,loss: 0.0066,binary_accuracy: 0.9980,val_loss: 0.0065,val_binary_accuracy: 0.9980",
Epoch 92,"4008025/4008025 [==============================],35s,9us/step,loss: 0.0066,binary_accuracy: 0.9980,val_loss: 0.0067,val_binary_accuracy: 0.9980",
Epoch 93,"4008025/4008025 [==============================],34s,9us/step,loss: 0.0067,binary_accuracy: 0.9980,val_loss: 0.0066,val_binary_accuracy: 0.9980",
Epoch 94,"4008025/4008025 [==============================],35s,9us/step,loss: 0.0065,binary_accuracy: 0.9980,val_loss: 0.0065,val_binary_accuracy: 0.9980",
Epoch 95,"4008025/4008025 [==============================],35s,9us/step,loss: 0.0065,binary_accuracy: 0.9980,val_loss: 0.0063,val_binary_accuracy: 0.9980",
Epoch 96,"4008025/4008025 [==============================],35s,9us/step,loss: 0.0065,binary_accuracy: 0.9980,val_loss: 0.0064,val_binary_accuracy: 0.9980",
Epoch 97,"4008025/4008025 [==============================],35s,9us/step,loss: 0.0065,binary_accuracy: 0.9980,val_loss: 0.0064,val_binary_accuracy: 0.9980",
Epoch 98,"4008025/4008025 [==============================],35s,9us/step,loss: 0.0064,binary_accuracy: 0.9980,val_loss: 0.0063,val_binary_accuracy: 0.9980",
Epoch 99,"4008025/4008025 [==============================],34s,9us/step,loss: 0.0064,binary_accuracy: 0.9980,val_loss: 0.0064,val_binary_accuracy: 0.9980",
Epoch 100,"4008025/4008025 [==============================],35s,9us/step,loss: 0.0065,binary_accuracy: 0.9980,val_loss: 0.0065,val_binary_accuracy: 0.9980",
Epoch 101,"4008025/4008025 [==============================],36s,9us/step,loss: 0.0065,binary_accuracy: 0.9980,val_loss: 0.0063,val_binary_accuracy: 0.9980",
Epoch 102,"4008025/4008025 [==============================],36s,9us/step,loss: 0.0066,binary_accuracy: 0.9980,val_loss: 0.0068,val_binary_accuracy: 0.9980",
Epoch 103,"4008025/4008025 [==============================],37s,9us/step,loss: 0.0066,binary_accuracy: 0.9980,val_loss: 0.0066,val_binary_accuracy: 0.9980",
Epoch 104,"4008025/4008025 [==============================],37s,9us/step,loss: 0.0066,binary_accuracy: 0.9980,val_loss: 0.0064,val_binary_accuracy: 0.9980",
Epoch 105,"4008025/4008025 [==============================],37s,9us/step,loss: 0.0065,binary_accuracy: 0.9980,val_loss: 0.0064,val_binary_accuracy: 0.9980",
Epoch 106,"4008025/4008025 [==============================],37s,9us/step,loss: 0.0064,binary_accuracy: 0.9980,val_loss: 0.0063,val_binary_accuracy: 0.9980",
Epoch 107,"4008025/4008025 [==============================],36s,9us/step,loss: 0.0064,binary_accuracy: 0.9980,val_loss: 0.0062,val_binary_accuracy: 0.9980",
Epoch 108,"4008025/4008025 [==============================],36s,9us/step,loss: 0.0063,binary_accuracy: 0.9980,val_loss: 0.0068,val_binary_accuracy: 0.9980",
Epoch 109,"4008025/4008025 [==============================],36s,9us/step,loss: 0.0064,binary_accuracy: 0.9980,val_loss: 0.0063,val_binary_accuracy: 0.9980",
Epoch 110,"4008025/4008025 [==============================],36s,9us/step,loss: 0.0064,binary_accuracy: 0.9980,val_loss: 0.0062,val_binary_accuracy: 0.9980",
Epoch 111,"4008025/4008025 [==============================],36s,9us/step,loss: 0.0064,binary_accuracy: 0.9980,val_loss: 0.0062,val_binary_accuracy: 0.9980",
Epoch 112,"4008025/4008025 [==============================],36s,9us/step,loss: 0.0064,binary_accuracy: 0.9980,val_loss: 0.0064,val_binary_accuracy: 0.9980",
Epoch 113,"4008025/4008025 [==============================],36s,9us/step,loss: 0.0063,binary_accuracy: 0.9980,val_loss: 0.0066,val_binary_accuracy: 0.9980",
Epoch 114,"4008025/4008025 [==============================],36s,9us/step,loss: 0.0063,binary_accuracy: 0.9980,val_loss: 0.0063,val_binary_accuracy: 0.9980",
Epoch 115,"4008025/4008025 [==============================],36s,9us/step,loss: 0.0064,binary_accuracy: 0.9980,val_loss: 0.0061,val_binary_accuracy: 0.9980",
Epoch 116,"4008025/4008025 [==============================],36s,9us/step,loss: 0.0064,binary_accuracy: 0.9980,val_loss: 0.0065,val_binary_accuracy: 0.9980",
Epoch 117,"4008025/4008025 [==============================],36s,9us/step,loss: 0.0064,binary_accuracy: 0.9980,val_loss: 0.0063,val_binary_accuracy: 0.9980",
Epoch 118,"4008025/4008025 [==============================],36s,9us/step,loss: 0.0064,binary_accuracy: 0.9980,val_loss: 0.0065,val_binary_accuracy: 0.9980",
Epoch 119,"4008025/4008025 [==============================],36s,9us/step,loss: 0.0066,binary_accuracy: 0.9980,val_loss: 0.0068,val_binary_accuracy: 0.9980",
Epoch 120,"4008025/4008025 [==============================],36s,9us/step,loss: 0.0066,binary_accuracy: 0.9980,val_loss: 0.0066,val_binary_accuracy: 0.9980",
Epoch 121,"4008025/4008025 [==============================],36s,9us/step,loss: 0.0064,binary_accuracy: 0.9980,val_loss: 0.0067,val_binary_accuracy: 0.9980",
Epoch 122,"4008025/4008025 [==============================],36s,9us/step,loss: 0.0065,binary_accuracy: 0.9980,val_loss: 0.0064,val_binary_accuracy: 0.9980",
Epoch 123,"4008025/4008025 [==============================],36s,9us/step,loss: 0.0065,binary_accuracy: 0.9980,val_loss: 0.0066,val_binary_accuracy: 0.9980",
Epoch 124,"4008025/4008025 [==============================],36s,9us/step,loss: 0.0064,binary_accuracy: 0.9980,val_loss: 0.0070,val_binary_accuracy: 0.9980",
Epoch 125,"4008025/4008025 [==============================],36s,9us/step,loss: 0.0063,binary_accuracy: 0.9980,val_loss: 0.0063,val_binary_accuracy: 0.9980",
Epoch 126,"4008025/4008025 [==============================],36s,9us/step,loss: 0.0062,binary_accuracy: 0.9980,val_loss: 0.0062,val_binary_accuracy: 0.9980",
Epoch 127,"4008025/4008025 [==============================],36s,9us/step,loss: 0.0062,binary_accuracy: 0.9980,val_loss: 0.0062,val_binary_accuracy: 0.9980",
Epoch 128,"4008025/4008025 [==============================],36s,9us/step,loss: 0.0062,binary_accuracy: 0.9980,val_loss: 0.0062,val_binary_accuracy: 0.9980",
Epoch 129,"4008025/4008025 [==============================],36s,9us/step,loss: 0.0063,binary_accuracy: 0.9980,val_loss: 0.0061,val_binary_accuracy: 0.9980",
Epoch 130,"4008025/4008025 [==============================],36s,9us/step,loss: 0.0064,binary_accuracy: 0.9980,val_loss: 0.0064,val_binary_accuracy: 0.9980",
Epoch 131,"4008025/4008025 [==============================],36s,9us/step,loss: 0.0064,binary_accuracy: 0.9980,val_loss: 0.0066,val_binary_accuracy: 0.9980",
Epoch 132,"4008025/4008025 [==============================],36s,9us/step,loss: 0.0065,binary_accuracy: 0.9980,val_loss: 0.0064,val_binary_accuracy: 0.9980",
Epoch 133,"4008025/4008025 [==============================],35s,9us/step,loss: 0.0065,binary_accuracy: 0.9980,val_loss: 0.0068,val_binary_accuracy: 0.9980",
Epoch 134,"4008025/4008025 [==============================],35s,9us/step,loss: 0.0065,binary_accuracy: 0.9980,val_loss: 0.0062,val_binary_accuracy: 0.9980",
Epoch 135,"4008025/4008025 [==============================],34s,9us/step,loss: 0.0065,binary_accuracy: 0.9980,val_loss: 0.0063,val_binary_accuracy: 0.9980",
Epoch 136,"4008025/4008025 [==============================],35s,9us/step,loss: 0.0064,binary_accuracy: 0.9980,val_loss: 0.0062,val_binary_accuracy: 0.9980",
Epoch 137,"4008025/4008025 [==============================],36s,9us/step,loss: 0.0065,binary_accuracy: 0.9980,val_loss: 0.0069,val_binary_accuracy: 0.9980",
Epoch 138,"4008025/4008025 [==============================],36s,9us/step,loss: 0.0065,binary_accuracy: 0.9980,val_loss: 0.0062,val_binary_accuracy: 0.9980",
Epoch 139,"4008025/4008025 [==============================],36s,9us/step,loss: 0.0064,binary_accuracy: 0.9980,val_loss: 0.0062,val_binary_accuracy: 0.9980",
Epoch 140,"4008025/4008025 [==============================],36s,9us/step,loss: 0.0064,binary_accuracy: 0.9980,val_loss: 0.0060,val_binary_accuracy: 0.9980",
Epoch 141,"4008025/4008025 [==============================],36s,9us/step,loss: 0.0063,binary_accuracy: 0.9980,val_loss: 0.0066,val_binary_accuracy: 0.9980",
Epoch 142,"4008025/4008025 [==============================],36s,9us/step,loss: 0.0064,binary_accuracy: 0.9980,val_loss: 0.0064,val_binary_accuracy: 0.9980",
Epoch 143,"4008025/4008025 [==============================],36s,9us/step,loss: 0.0064,binary_accuracy: 0.9980,val_loss: 0.0062,val_binary_accuracy: 0.9980",
Epoch 144,"4008025/4008025 [==============================],37s,9us/step,loss: 0.0065,binary_accuracy: 0.9980,val_loss: 0.0062,val_binary_accuracy: 0.9980",
Epoch 145,"4008025/4008025 [==============================],36s,9us/step,loss: 0.0064,binary_accuracy: 0.9980,val_loss: 0.0066,val_binary_accuracy: 0.9980",
Epoch 146,"4008025/4008025 [==============================],36s,9us/step,loss: 0.0065,binary_accuracy: 0.9980,val_loss: 0.0062,val_binary_accuracy: 0.9980",
Epoch 147,"4008025/4008025 [==============================],36s,9us/step,loss: 0.0064,binary_accuracy: 0.9980,val_loss: 0.0064,val_binary_accuracy: 0.9980",
Epoch 148,"4008025/4008025 [==============================],35s,9us/step,loss: 0.0065,binary_accuracy: 0.9980,val_loss: 0.0063,val_binary_accuracy: 0.9980",
Epoch 149,"4008025/4008025 [==============================],35s,9us/step,loss: 0.0064,binary_accuracy: 0.9980,val_loss: 0.0063,val_binary_accuracy: 0.9980",
Epoch 150,"4008025/4008025 [==============================],35s,9us/step,loss: 0.0064,binary_accuracy: 0.9980,val_loss: 0.0064,val_binary_accuracy: 0.9980",
Epoch 151,"4008025/4008025 [==============================],35s,9us/step,loss: 0.0064,binary_accuracy: 0.9980,val_loss: 0.0063,val_binary_accuracy: 0.9980",
Epoch 152,"4008025/4008025 [==============================],35s,9us/step,loss: 0.0065,binary_accuracy: 0.9980,val_loss: 0.0064,val_binary_accuracy: 0.9980",
Epoch 153,"4008025/4008025 [==============================],36s,9us/step,loss: 0.0064,binary_accuracy: 0.9980,val_loss: 0.0068,val_binary_accuracy: 0.9980",
Epoch 154,"4008025/4008025 [==============================],35s,9us/step,loss: 0.0064,binary_accuracy: 0.9980,val_loss: 0.0063,val_binary_accuracy: 0.9980",
Epoch 155,"4008025/4008025 [==============================],35s,9us/step,loss: 0.0064,binary_accuracy: 0.9980,val_loss: 0.0065,val_binary_accuracy: 0.9980",
Epoch 156,"4008025/4008025 [==============================],35s,9us/step,loss: 0.0064,binary_accuracy: 0.9980,val_loss: 0.0062,val_binary_accuracy: 0.9980",
Epoch 157,"4008025/4008025 [==============================],35s,9us/step,loss: 0.0064,binary_accuracy: 0.9980,val_loss: 0.0063,val_binary_accuracy: 0.9980",
Epoch 158,"4008025/4008025 [==============================],35s,9us/step,loss: 0.0064,binary_accuracy: 0.9980,val_loss: 0.0062,val_binary_accuracy: 0.9980",
Epoch 159,"4008025/4008025 [==============================],35s,9us/step,loss: 0.0064,binary_accuracy: 0.9980,val_loss: 0.0071,val_binary_accuracy: 0.9980",
Epoch 160,"4008025/4008025 [==============================],36s,9us/step,loss: 0.0064,binary_accuracy: 0.9980,val_loss: 0.0065,val_binary_accuracy: 0.9980",
Epoch 161,"4008025/4008025 [==============================],36s,9us/step,loss: 0.0065,binary_accuracy: 0.9980,val_loss: 0.0068,val_binary_accuracy: 0.9980",
Epoch 162,"4008025/4008025 [==============================],37s,9us/step,loss: 0.0065,binary_accuracy: 0.9980,val_loss: 0.0066,val_binary_accuracy: 0.9980",
Epoch 163,"4008025/4008025 [==============================],35s,9us/step,loss: 0.0066,binary_accuracy: 0.9980,val_loss: 0.0065,val_binary_accuracy: 0.9980",
Epoch 164,"4008025/4008025 [==============================],35s,9us/step,loss: 0.0066,binary_accuracy: 0.9980,val_loss: 0.0064,val_binary_accuracy: 0.9980",
Epoch 165,"4008025/4008025 [==============================],36s,9us/step,loss: 0.0066,binary_accuracy: 0.9980,val_loss: 0.0067,val_binary_accuracy: 0.9980",
Epoch 166,"4008025/4008025 [==============================],35s,9us/step,loss: 0.0066,binary_accuracy: 0.9980,val_loss: 0.0063,val_binary_accuracy: 0.9980",
Epoch 167,"4008025/4008025 [==============================],35s,9us/step,loss: 0.0065,binary_accuracy: 0.9980,val_loss: 0.0066,val_binary_accuracy: 0.9980",
Epoch 168,"4008025/4008025 [==============================],35s,9us/step,loss: 0.0065,binary_accuracy: 0.9980,val_loss: 0.0067,val_binary_accuracy: 0.9980",
Epoch 169,"4008025/4008025 [==============================],34s,8us/step,loss: 0.0064,binary_accuracy: 0.9980,val_loss: 0.0067,val_binary_accuracy: 0.9980",
Epoch 170,"4008025/4008025 [==============================],33s,8us/step,loss: 0.0065,binary_accuracy: 0.9980,val_loss: 0.0063,val_binary_accuracy: 0.9980",
Epoch 171,"4008025/4008025 [==============================],32s,8us/step,loss: 0.0064,binary_accuracy: 0.9980,val_loss: 0.0062,val_binary_accuracy: 0.9980",
Epoch 172,"4008025/4008025 [==============================],32s,8us/step,loss: 0.0064,binary_accuracy: 0.9980,val_loss: 0.0068,val_binary_accuracy: 0.9980",
Epoch 173,"4008025/4008025 [==============================],32s,8us/step,loss: 0.0065,binary_accuracy: 0.9980,val_loss: 0.0061,val_binary_accuracy: 0.9980",
Epoch 174,"4008025/4008025 [==============================],32s,8us/step,loss: 0.0064,binary_accuracy: 0.9980,val_loss: 0.0063,val_binary_accuracy: 0.9980",
Epoch 175,"4008025/4008025 [==============================],32s,8us/step,loss: 0.0064,binary_accuracy: 0.9980,val_loss: 0.0062,val_binary_accuracy: 0.9980",
Epoch 176,"4008025/4008025 [==============================],32s,8us/step,loss: 0.0064,binary_accuracy: 0.9980,val_loss: 0.0062,val_binary_accuracy: 0.9980",
Epoch 177,"4008025/4008025 [==============================],32s,8us/step,loss: 0.0063,binary_accuracy: 0.9980,val_loss: 0.0066,val_binary_accuracy: 0.9980",
Epoch 178,"4008025/4008025 [==============================],32s,8us/step,loss: 0.0064,binary_accuracy: 0.9980,val_loss: 0.0067,val_binary_accuracy: 0.9980",
Epoch 179,"4008025/4008025 [==============================],33s,8us/step,loss: 0.0064,binary_accuracy: 0.9980,val_loss: 0.0062,val_binary_accuracy: 0.9980",
Epoch 180,"4008025/4008025 [==============================],32s,8us/step,loss: 0.0064,binary_accuracy: 0.9980,val_loss: 0.0063,val_binary_accuracy: 0.9980",
Epoch 181,"4008025/4008025 [==============================],32s,8us/step,loss: 0.0065,binary_accuracy: 0.9980,val_loss: 0.0063,val_binary_accuracy: 0.9980",
Epoch 182,"4008025/4008025 [==============================],32s,8us/step,loss: 0.0064,binary_accuracy: 0.9980,val_loss: 0.0065,val_binary_accuracy: 0.9980",
Epoch 183,"4008025/4008025 [==============================],32s,8us/step,loss: 0.0064,binary_accuracy: 0.9980,val_loss: 0.0063,val_binary_accuracy: 0.9980",
Epoch 184,"4008025/4008025 [==============================],32s,8us/step,loss: 0.0065,binary_accuracy: 0.9980,val_loss: 0.0065,val_binary_accuracy: 0.9980",
Epoch 185,"4008025/4008025 [==============================],32s,8us/step,loss: 0.0064,binary_accuracy: 0.9980,val_loss: 0.0064,val_binary_accuracy: 0.9980",
Epoch 186,"4008025/4008025 [==============================],32s,8us/step,loss: 0.0065,binary_accuracy: 0.9980,val_loss: 0.0068,val_binary_accuracy: 0.9980",
Epoch 187,"4008025/4008025 [==============================],32s,8us/step,loss: 0.0065,binary_accuracy: 0.9980,val_loss: 0.0062,val_binary_accuracy: 0.9980",
Epoch 188,"4008025/4008025 [==============================],32s,8us/step,loss: 0.0065,binary_accuracy: 0.9980,val_loss: 0.0063,val_binary_accuracy: 0.9980",
Epoch 189,"4008025/4008025 [==============================],33s,8us/step,loss: 0.0064,binary_accuracy: 0.9980,val_loss: 0.0067,val_binary_accuracy: 0.9980",
Epoch 190,"4008025/4008025 [==============================],34s,8us/step,loss: 0.0065,binary_accuracy: 0.9980,val_loss: 0.0063,val_binary_accuracy: 0.9980",
Epoch 191,"4008025/4008025 [==============================],33s,8us/step,loss: 0.0065,binary_accuracy: 0.9980,val_loss: 0.0065,val_binary_accuracy: 0.9980",
Epoch 192,"4008025/4008025 [==============================],34s,8us/step,loss: 0.0064,binary_accuracy: 0.9980,val_loss: 0.0066,val_binary_accuracy: 0.9980",
Epoch 193,"4008025/4008025 [==============================],35s,9us/step,loss: 0.0064,binary_accuracy: 0.9980,val_loss: 0.0064,val_binary_accuracy: 0.9980",
Epoch 194,"4008025/4008025 [==============================],37s,9us/step,loss: 0.0064,binary_accuracy: 0.9980,val_loss: 0.0063,val_binary_accuracy: 0.9980",
Epoch 195,"4008025/4008025 [==============================],44s,11us/step,loss: 0.0065,binary_accuracy: 0.9980,val_loss: 0.0066,val_binary_accuracy: 0.9980",
Epoch 196,"4008025/4008025 [==============================],36s,9us/step,loss: 0.0065,binary_accuracy: 0.9980,val_loss: 0.0064,val_binary_accuracy: 0.9980",
Epoch 197,"4008025/4008025 [==============================],36s,9us/step,loss: 0.0065,binary_accuracy: 0.9980,val_loss: 0.0074,val_binary_accuracy: 0.9980",
Epoch 198,"4008025/4008025 [==============================],36s,9us/step,loss: 0.0066,binary_accuracy: 0.9980,val_loss: 0.0073,val_binary_accuracy: 0.9980",
Epoch 199,"4008025/4008025 [==============================],35s,9us/step,loss: 0.0067,binary_accuracy: 0.9980,val_loss: 0.0067,val_binary_accuracy: 0.9980",
Epoch 200,"4008025/4008025 [==============================],36s,9us/step,loss: 0.0066,binary_accuracy: 0.9980,val_loss: 0.0066,val_binary_accuracy: 0.9980",
Epoch 201,"4008025/4008025 [==============================],34s,9us/step,loss: 0.0065,binary_accuracy: 0.9980,val_loss: 0.0064,val_binary_accuracy: 0.9980",
Epoch 202,"4008025/4008025 [==============================],33s,8us/step,loss: 0.0066,binary_accuracy: 0.9980,val_loss: 0.0066,val_binary_accuracy: 0.9980",
Epoch 203,"4008025/4008025 [==============================],33s,8us/step,loss: 0.0065,binary_accuracy: 0.9980,val_loss: 0.0064,val_binary_accuracy: 0.9980",
Epoch 204,"4008025/4008025 [==============================],36s,9us/step,loss: 0.0065,binary_accuracy: 0.9980,val_loss: 0.0065,val_binary_accuracy: 0.9980",
Epoch 205,"4008025/4008025 [==============================],35s,9us/step,loss: 0.0065,binary_accuracy: 0.9980,val_loss: 0.0065,val_binary_accuracy: 0.9980",
Epoch 206,"4008025/4008025 [==============================],35s,9us/step,loss: 0.0064,binary_accuracy: 0.9980,val_loss: 0.0064,val_binary_accuracy: 0.9980",
Epoch 207,"4008025/4008025 [==============================],36s,9us/step,loss: 0.0064,binary_accuracy: 0.9980,val_loss: 0.0067,val_binary_accuracy: 0.9980",
Epoch 208,"4008025/4008025 [==============================],36s,9us/step,loss: 0.0064,binary_accuracy: 0.9980,val_loss: 0.0064,val_binary_accuracy: 0.9980",
Epoch 209,"4008025/4008025 [==============================],35s,9us/step,loss: 0.0065,binary_accuracy: 0.9980,val_loss: 0.0066,val_binary_accuracy: 0.9980",
Epoch 210,"4008025/4008025 [==============================],36s,9us/step,loss: 0.0065,binary_accuracy: 0.9980,val_loss: 0.0064,val_binary_accuracy: 0.9980",
Epoch 211,"4008025/4008025 [==============================],36s,9us/step,loss: 0.0065,binary_accuracy: 0.9980,val_loss: 0.0065,val_binary_accuracy: 0.9980",
Epoch 212,"4008025/4008025 [==============================],34s,8us/step,loss: 0.0065,binary_accuracy: 0.9980,val_loss: 0.0069,val_binary_accuracy: 0.9980",
Epoch 213,"4008025/4008025 [==============================],32s,8us/step,loss: 0.0065,binary_accuracy: 0.9980,val_loss: 0.0068,val_binary_accuracy: 0.9980",
Epoch 214,"4008025/4008025 [==============================],34s,8us/step,loss: 0.0065,binary_accuracy: 0.9980,val_loss: 0.0065,val_binary_accuracy: 0.9980",
Epoch 215,"4008025/4008025 [==============================],35s,9us/step,loss: 0.0065,binary_accuracy: 0.9980,val_loss: 0.0068,val_binary_accuracy: 0.9980",
Epoch 216,"4008025/4008025 [==============================],33s,8us/step,loss: 0.0066,binary_accuracy: 0.9980,val_loss: 0.0064,val_binary_accuracy: 0.9980",
Epoch 217,"4008025/4008025 [==============================],33s,8us/step,loss: 0.0065,binary_accuracy: 0.9980,val_loss: 0.0066,val_binary_accuracy: 0.9980",
Epoch 218,"4008025/4008025 [==============================],34s,8us/step,loss: 0.0065,binary_accuracy: 0.9980,val_loss: 0.0062,val_binary_accuracy: 0.9980",
Epoch 219,"4008025/4008025 [==============================],33s,8us/step,loss: 0.0065,binary_accuracy: 0.9980,val_loss: 0.0067,val_binary_accuracy: 0.9980",
Epoch 220,"4008025/4008025 [==============================],33s,8us/step,loss: 0.0066,binary_accuracy: 0.9980,val_loss: 0.0068,val_binary_accuracy: 0.9980",
Epoch 221,"4008025/4008025 [==============================],32s,8us/step,loss: 0.0067,binary_accuracy: 0.9980,val_loss: 0.0067,val_binary_accuracy: 0.9980",
Epoch 222,"4008025/4008025 [==============================],32s,8us/step,loss: 0.0067,binary_accuracy: 0.9980,val_loss: 0.0067,val_binary_accuracy: 0.9980",
Epoch 223,"4008025/4008025 [==============================],34s,8us/step,loss: 0.0066,binary_accuracy: 0.9980,val_loss: 0.0066,val_binary_accuracy: 0.9980",
Epoch 224,"4008025/4008025 [==============================],36s,9us/step,loss: 0.0068,binary_accuracy: 0.9980,val_loss: 0.0065,val_binary_accuracy: 0.9980",
Epoch 225,"4008025/4008025 [==============================],34s,9us/step,loss: 0.0067,binary_accuracy: 0.9980,val_loss: 0.0064,val_binary_accuracy: 0.9980",
Epoch 226,"4008025/4008025 [==============================],35s,9us/step,loss: 0.0065,binary_accuracy: 0.9980,val_loss: 0.0063,val_binary_accuracy: 0.9980",
Epoch 227,"4008025/4008025 [==============================],35s,9us/step,loss: 0.0064,binary_accuracy: 0.9980,val_loss: 0.0063,val_binary_accuracy: 0.9980",
Epoch 228,"4008025/4008025 [==============================],36s,9us/step,loss: 0.0064,binary_accuracy: 0.9980,val_loss: 0.0066,val_binary_accuracy: 0.9980",
Epoch 229,"4008025/4008025 [==============================],34s,9us/step,loss: 0.0065,binary_accuracy: 0.9980,val_loss: 0.0066,val_binary_accuracy: 0.9980",
Epoch 230,"4008025/4008025 [==============================],33s,8us/step,loss: 0.0066,binary_accuracy: 0.9980,val_loss: 0.0066,val_binary_accuracy: 0.9980",
Epoch 231,"4008025/4008025 [==============================],32s,8us/step,loss: 0.0065,binary_accuracy: 0.9980,val_loss: 0.0068,val_binary_accuracy: 0.9980",
Epoch 232,"4008025/4008025 [==============================],32s,8us/step,loss: 0.0065,binary_accuracy: 0.9980,val_loss: 0.0070,val_binary_accuracy: 0.9980",
Epoch 233,"4008025/4008025 [==============================],32s,8us/step,loss: 0.0066,binary_accuracy: 0.9980,val_loss: 0.0065,val_binary_accuracy: 0.9980",
Epoch 234,"4008025/4008025 [==============================],33s,8us/step,loss: 0.0067,binary_accuracy: 0.9980,val_loss: 0.0067,val_binary_accuracy: 0.9980",
Epoch 235,"4008025/4008025 [==============================],32s,8us/step,loss: 0.0066,binary_accuracy: 0.9980,val_loss: 0.0065,val_binary_accuracy: 0.9980",
Epoch 236,"4008025/4008025 [==============================],32s,8us/step,loss: 0.0067,binary_accuracy: 0.9980,val_loss: 0.0066,val_binary_accuracy: 0.9980",
Epoch 237,"4008025/4008025 [==============================],35s,9us/step,loss: 0.0067,binary_accuracy: 0.9980,val_loss: 0.0066,val_binary_accuracy: 0.9980",
Epoch 238,"4008025/4008025 [==============================],35s,9us/step,loss: 0.0065,binary_accuracy: 0.9980,val_loss: 0.0062,val_binary_accuracy: 0.9980",
Epoch 239,"4008025/4008025 [==============================],35s,9us/step,loss: 0.0064,binary_accuracy: 0.9980,val_loss: 0.0063,val_binary_accuracy: 0.9980",
Epoch 240,"4008025/4008025 [==============================],39s,10us/step,loss: 0.0065,binary_accuracy: 0.9980,val_loss: 0.0067,val_binary_accuracy: 0.9980",
Epoch 241,"4008025/4008025 [==============================],37s,9us/step,loss: 0.0065,binary_accuracy: 0.9980,val_loss: 0.0067,val_binary_accuracy: 0.9980",
Epoch 242,"4008025/4008025 [==============================],36s,9us/step,loss: 0.0065,binary_accuracy: 0.9980,val_loss: 0.0063,val_binary_accuracy: 0.9980",
Epoch 243,"4008025/4008025 [==============================],37s,9us/step,loss: 0.0065,binary_accuracy: 0.9980,val_loss: 0.0064,val_binary_accuracy: 0.9980",
Epoch 244,"4008025/4008025 [==============================],35s,9us/step,loss: 0.0066,binary_accuracy: 0.9980,val_loss: 0.0063,val_binary_accuracy: 0.9980",
Epoch 245,"4008025/4008025 [==============================],35s,9us/step,loss: 0.0065,binary_accuracy: 0.9980,val_loss: 0.0062,val_binary_accuracy: 0.9980",
Epoch 246,"4008025/4008025 [==============================],34s,9us/step,loss: 0.0064,binary_accuracy: 0.9980,val_loss: 0.0063,val_binary_accuracy: 0.9980",
Epoch 247,"4008025/4008025 [==============================],35s,9us/step,loss: 0.0064,binary_accuracy: 0.9980,val_loss: 0.0062,val_binary_accuracy: 0.9980",
Epoch 248,"4008025/4008025 [==============================],33s,8us/step,loss: 0.0064,binary_accuracy: 0.9980,val_loss: 0.0065,val_binary_accuracy: 0.9980",
Epoch 249,"4008025/4008025 [==============================],34s,9us/step,loss: 0.0065,binary_accuracy: 0.9980,val_loss: 0.0065,val_binary_accuracy: 0.9980",
Epoch 250,"4008025/4008025 [==============================],35s,9us/step,loss: 0.0065,binary_accuracy: 0.9980,val_loss: 0.0061,val_binary_accuracy: 0.9980",
Epoch 251,"4008025/4008025 [==============================],35s,9us/step,loss: 0.0065,binary_accuracy: 0.9980,val_loss: 0.0062,val_binary_accuracy: 0.9980",
Epoch 252,"4008025/4008025 [==============================],35s,9us/step,loss: 0.0064,binary_accuracy: 0.9980,val_loss: 0.0061,val_binary_accuracy: 0.9980",
Epoch 253,"4008025/4008025 [==============================],35s,9us/step,loss: 0.0064,binary_accuracy: 0.9980,val_loss: 0.0062,val_binary_accuracy: 0.9980",
Epoch 254,"4008025/4008025 [==============================],35s,9us/step,loss: 0.0064,binary_accuracy: 0.9980,val_loss: 0.0063,val_binary_accuracy: 0.9980",
Epoch 255,"4008025/4008025 [==============================],39s,10us/step,loss: 0.0064,binary_accuracy: 0.9980,val_loss: 0.0062,val_binary_accuracy: 0.9980",
Epoch 256,"4008025/4008025 [==============================],38s,9us/step,loss: 0.0063,binary_accuracy: 0.9980,val_loss: 0.0065,val_binary_accuracy: 0.9980",
Epoch 257,"4008025/4008025 [==============================],36s,9us/step,loss: 0.0063,binary_accuracy: 0.9980,val_loss: 0.0066,val_binary_accuracy: 0.9980",
Epoch 258,"4008025/4008025 [==============================],37s,9us/step,loss: 0.0064,binary_accuracy: 0.9980,val_loss: 0.0063,val_binary_accuracy: 0.9980",
Epoch 259,"4008025/4008025 [==============================],37s,9us/step,loss: 0.0064,binary_accuracy: 0.9980,val_loss: 0.0066,val_binary_accuracy: 0.9980",
Epoch 260,"4008025/4008025 [==============================],37s,9us/step,loss: 0.0064,binary_accuracy: 0.9980,val_loss: 0.0064,val_binary_accuracy: 0.9980",
Epoch 261,"4008025/4008025 [==============================],36s,9us/step,loss: 0.0064,binary_accuracy: 0.9980,val_loss: 0.0062,val_binary_accuracy: 0.9980",
Epoch 262,"4008025/4008025 [==============================],37s,9us/step,loss: 0.0065,binary_accuracy: 0.9980,val_loss: 0.0066,val_binary_accuracy: 0.9980",
Epoch 263,"4008025/4008025 [==============================],36s,9us/step,loss: 0.0064,binary_accuracy: 0.9980,val_loss: 0.0063,val_binary_accuracy: 0.9980",
Epoch 264,"4008025/4008025 [==============================],37s,9us/step,loss: 0.0064,binary_accuracy: 0.9980,val_loss: 0.0065,val_binary_accuracy: 0.9980",
Epoch 265,"4008025/4008025 [==============================],41s,10us/step,loss: 0.0065,binary_accuracy: 0.9980,val_loss: 0.0065,val_binary_accuracy: 0.9980",
Epoch 266,"4008025/4008025 [==============================],35s,9us/step,loss: 0.0064,binary_accuracy: 0.9980,val_loss: 0.0065,val_binary_accuracy: 0.9980",
Epoch 267,"4008025/4008025 [==============================],34s,9us/step,loss: 0.0064,binary_accuracy: 0.9980,val_loss: 0.0064,val_binary_accuracy: 0.9980",
Epoch 268,"4008025/4008025 [==============================],33s,8us/step,loss: 0.0063,binary_accuracy: 0.9980,val_loss: 0.0062,val_binary_accuracy: 0.9980",
Epoch 269,"4008025/4008025 [==============================],32s,8us/step,loss: 0.0064,binary_accuracy: 0.9980,val_loss: 0.0064,val_binary_accuracy: 0.9980",
Epoch 270,"4008025/4008025 [==============================],33s,8us/step,loss: 0.0063,binary_accuracy: 0.9980,val_loss: 0.0065,val_binary_accuracy: 0.9980",
